Applicant_ID,Age,Gender,Program_Applied,GPA,SAT_Score,Acceptance_Status,Scholarship_Status,Enrollment_Status,GPA_Normalized,SAT_Score_Normalized
1024,17.0,Male,Engineering,2.62,1138.0,Rejected,Yes,Not Enrolled,0.31000000000000005,0.33715925394548063
1245,19.0,Male,Healthcare,3.39,1153.0,Rejected,Yes,Enrolled,0.6950000000000001,0.3586800573888092
1248,25.0,Male,Computer Science,2.27,1058.0,Rejected,Yes,Enrolled,0.135,0.2223816355810617
1167,19.0,Male,Healthcare,2.63,1449.0,Accepted,Yes,Not Enrolled,0.31499999999999995,0.7833572453371592
1424,23.0,Male,Business,3.02,1455.0,Rejected,No,Not Enrolled,0.51,0.7919655667144907
1185,27.0,Male,Business,2.37,1325.0,Accepted,Yes,Not Enrolled,0.18500000000000005,0.6054519368723099
1133,26.0,Female,Healthcare,2.72,1554.0,Rejected,No,Not Enrolled,0.3600000000000001,0.9340028694404591
1015,26.0,Male,Business,2.26,1530.0,Rejected,No,Not Enrolled,0.1299999999999999,0.8995695839311334
1371,23.0,Female,Healthcare,2.99,1262.0,Accepted,No,Enrolled,0.4950000000000001,0.5150645624103299
1143,21.0,Female,Healthcare,2.9890000000000003,1520.0,Accepted,Yes,Not Enrolled,0.49450000000000016,0.8852223816355811
1320,17.0,Female,Healthcare,3.85,1207.0,Accepted,Yes,Not Enrolled,0.925,0.43615494978479197
1082,21.0,Male,Engineering,3.66,1369.0,Rejected,No,Not Enrolled,0.8300000000000001,0.6685796269727403
1143,21.0,Female,Healthcare,3.49,1520.0,Accepted,Yes,Not Enrolled,0.7450000000000001,0.8852223816355811
1488,26.0,Male,Design,3.12,1600.0,Accepted,No,Enrolled,0.56,1.0
1453,20.0,Male,Healthcare,2.88,906.0,Rejected,Yes,Not Enrolled,0.43999999999999995,0.00430416068866571
1412,27.0,Male,Business,3.61,1163.0,Accepted,No,Not Enrolled,0.8049999999999999,0.37302725968436157
1289,30.0,Female,Healthcare,2.26,1433.0,Rejected,Yes,Enrolled,0.1299999999999999,0.7604017216642754
1396,17.0,Male,Engineering,3.1,1466.0,Accepted,No,Not Enrolled,0.55,0.8077474892395983
1270,18.0,Female,Healthcare,2.99,1349.0,Accepted,No,Enrolled,0.4950000000000001,0.6398852223816356
1328,22.0,Female,Healthcare,3.14,1442.0,Accepted,No,Not Enrolled,0.5700000000000001,0.7733142037302726
1053,18.0,Male,Healthcare,3.57,1079.0,Accepted,Yes,Enrolled,0.7849999999999999,0.25251076040172166
1181,17.0,Male,Business,2.8,956.0,Rejected,Yes,Enrolled,0.3999999999999999,0.07604017216642754
1383,28.0,Male,Computer Science,2.02,1000.0,Accepted,No,Enrolled,0.010000000000000009,0.13916786226685796
1030,25.0,Female,Healthcare,2.31,1002.0,Accepted,No,Enrolled,0.15500000000000003,0.14203730272596843
1218,25.0,Female,Healthcare,3.36,1359.0,Rejected,Yes,Enrolled,0.6799999999999999,0.6542324246771879
1243,29.0,Female,Design,2.43,1288.0,Accepted,Yes,Enrolled,0.21500000000000008,0.5523672883787661
1107,25.0,Male,Engineering,2.04,1262.0,Rejected,No,Not Enrolled,0.020000000000000018,0.5150645624103299
1347,30.0,Other,Engineering,3.98,1517.0,Accepted,No,Not Enrolled,0.99,0.8809182209469153
1415,23.0,Male,Computer Science,3.79,1402.0,Accepted,No,Enrolled,0.895,0.7159253945480631
1462,19.0,Male,Design,2.9890000000000003,1193.0,Accepted,Yes,Enrolled,0.49450000000000016,0.41606886657101866
1357,29.0,Female,Healthcare,2.1,1240.0,Accepted,Yes,Not Enrolled,0.050000000000000044,0.4835007173601148
1146,28.0,Male,Engineering,2.48,1462.0,Accepted,Yes,Not Enrolled,0.24,0.8020086083213773
1127,29.0,Male,Healthcare,2.0,1214.0,Accepted,Yes,Not Enrolled,0.0,0.44619799139167865
1214,19.0,Other,Engineering,3.5,1561.0,Accepted,Yes,Enrolled,0.75,0.9440459110473458
1382,27.0,Female,Computer Science,2.57,1377.0,Accepted,Yes,Enrolled,0.2849999999999999,0.6800573888091822
1205,18.0,Female,Business,3.82,961.0,Rejected,No,Enrolled,0.9099999999999999,0.08321377331420372
1194,23.0,Female,Healthcare,2.36,1305.0,Accepted,Yes,Enrolled,0.17999999999999994,0.5767575322812052
1090,24.0,Female,Healthcare,2.75,1590.0,Accepted,Yes,Not Enrolled,0.375,0.9856527977044476
1414,20.0,Male,Engineering,2.3,1557.0,Accepted,Yes,Not Enrolled,0.1499999999999999,0.9383070301291249
1063,25.0,Female,Healthcare,3.54,1262.0,Accepted,Yes,Not Enrolled,0.77,0.5150645624103299
1338,23.0,Female,Business,2.91,1279.0,Rejected,No,Enrolled,0.45500000000000007,0.539454806312769
1102,27.0,Female,Healthcare,3.66,997.0,Rejected,No,Not Enrolled,0.8300000000000001,0.13486370157819225
1321,27.0,Male,Computer Science,2.9890000000000003,1047.0,Rejected,Yes,Not Enrolled,0.49450000000000016,0.2065997130559541
1489,20.0,Male,Engineering,3.87,982.0,Rejected,Yes,Not Enrolled,0.935,0.1133428981348637
1308,23.0,Male,Engineering,3.91,1437.0,Rejected,Yes,Not Enrolled,0.9550000000000001,0.7661406025824964
1286,20.0,Male,Engineering,2.15,1209.0,Rejected,Yes,Not Enrolled,0.07499999999999996,0.43902439024390244
1437,23.0,Female,Computer Science,2.53,969.0,Accepted,No,Not Enrolled,0.2649999999999999,0.09469153515064563
1107,25.0,Male,Engineering,2.9890000000000003,1154.0,Rejected,No,Not Enrolled,0.49450000000000016,0.3601147776183644
1454,25.0,Male,Business,2.84,1444.0,Rejected,Yes,Not Enrolled,0.41999999999999993,0.776183644189383
1348,30.0,Female,Healthcare,2.69,940.0,Rejected,No,Enrolled,0.345,0.05308464849354376
1075,20.0,Female,Healthcare,3.42,1416.0,Rejected,Yes,Not Enrolled,0.71,0.7360114777618364
1392,25.0,Female,Engineering,2.73,1126.0,Rejected,Yes,Enrolled,0.365,0.3199426111908178
1084,30.0,Female,Healthcare,3.82,1163.0,Accepted,Yes,Enrolled,0.9099999999999999,0.37302725968436157
1026,20.0,Female,Healthcare,2.68,1002.0,Accepted,No,Enrolled,0.3400000000000001,0.14203730272596843
1034,26.0,Male,Design,3.08,1463.0,Accepted,Yes,Enrolled,0.54,0.8034433285509326
1123,17.0,Female,Healthcare,2.9890000000000003,963.0,Rejected,Yes,Not Enrolled,0.49450000000000016,0.08608321377331421
1012,28.0,Male,Healthcare,3.12,1178.0,Rejected,Yes,Not Enrolled,0.56,0.3945480631276901
1229,29.0,Female,Healthcare,2.89,1082.0,Rejected,Yes,Enrolled,0.44500000000000006,0.2568149210903874
1329,23.0,Male,Engineering,3.24,1037.0,Accepted,Yes,Enrolled,0.6200000000000001,0.19225251076040173
1305,29.0,Male,Engineering,2.57,1558.0,Accepted,No,Not Enrolled,0.2849999999999999,0.93974175035868
1058,21.0,Male,Engineering,3.81,1407.0,Rejected,No,Enrolled,0.905,0.7230989956958394
1046,19.0,Male,Computer Science,3.44,960.0,Rejected,Yes,Not Enrolled,0.72,0.08177905308464849
1217,19.0,Female,Healthcare,3.7,1291.0,Accepted,No,Enrolled,0.8500000000000001,0.5566714490674318
1110,19.0,Male,Healthcare,3.88,1292.0,Rejected,Yes,Not Enrolled,0.94,0.5581061692969871
1199,28.0,Female,Healthcare,2.89,974.0,Accepted,No,Enrolled,0.44500000000000006,0.10186513629842181
1169,27.0,Female,Healthcare,2.9890000000000003,1068.0,Rejected,No,Enrolled,0.49450000000000016,0.23672883787661406
1378,28.0,Female,Healthcare,2.56,1167.0,Rejected,Yes,Enrolled,0.28,0.3787661406025825
1047,20.0,Female,Healthcare,2.09,991.0,Rejected,No,Enrolled,0.04499999999999993,0.12625538020086083
1113,21.0,Male,Engineering,2.9890000000000003,1173.0,Accepted,Yes,Enrolled,0.49450000000000016,0.38737446197991393
1023,26.0,Other,Healthcare,2.04,1553.0,Accepted,Yes,Not Enrolled,0.020000000000000018,0.9325681492109039
1096,22.0,Female,Healthcare,3.43,1337.0,Rejected,Yes,Not Enrolled,0.7150000000000001,0.6226685796269728
1249,19.0,Male,Engineering,2.15,1182.0,Accepted,No,Enrolled,0.07499999999999996,0.40028694404591103
1301,26.0,Female,Healthcare,3.87,1469.0,Rejected,Yes,Enrolled,0.935,0.812051649928264
1298,25.0,Male,Engineering,3.04,1541.0,Accepted,No,Enrolled,0.52,0.9153515064562411
1159,23.0,Male,Healthcare,2.36,979.0,Accepted,Yes,Enrolled,0.17999999999999994,0.10903873744619799
1043,23.0,Female,Engineering,3.39,1228.0,Rejected,Yes,Enrolled,0.6950000000000001,0.46628407460545196
1095,22.0,Female,Healthcare,2.2,1315.0,Rejected,Yes,Not Enrolled,0.10000000000000009,0.5911047345767575
1316,23.0,Male,Engineering,2.34,1450.0,Accepted,No,Not Enrolled,0.16999999999999993,0.7847919655667145
1186,25.0,Male,Business,3.38,1367.0,Rejected,Yes,Enrolled,0.69,0.6657101865136298
1070,27.0,Female,Healthcare,3.75,1556.0,Accepted,No,Enrolled,0.875,0.9368723098995696
1284,27.0,Male,Business,2.25,1228.0,Accepted,Yes,Not Enrolled,0.125,0.46628407460545196
1072,30.0,Male,Design,2.96,1436.0,Accepted,No,Not Enrolled,0.48,0.7647058823529411
1327,28.0,Male,Engineering,2.42,1470.0,Accepted,No,Not Enrolled,0.20999999999999996,0.8134863701578192
1052,23.0,Female,Computer Science,3.5,938.0,Rejected,Yes,Not Enrolled,0.75,0.05021520803443329
1071,26.0,Other,Computer Science,2.1,1456.0,Accepted,Yes,Enrolled,0.050000000000000044,0.793400286944046
1222,26.0,Male,Design,3.29,1599.0,Rejected,No,Not Enrolled,0.645,0.9985652797704447
1262,21.0,Female,Computer Science,3.42,934.0,Accepted,Yes,Not Enrolled,0.71,0.04447632711621234
1337,19.0,Male,Business,2.81,1360.0,Rejected,Yes,Not Enrolled,0.405,0.6556671449067432
1395,22.0,Male,Business,2.9890000000000003,1167.0,Rejected,Yes,Not Enrolled,0.49450000000000016,0.3787661406025825
1466,28.0,Female,Healthcare,2.96,1340.0,Rejected,No,Not Enrolled,0.48,0.6269727403156384
1025,25.0,Male,Design,3.9,953.0,Accepted,Yes,Enrolled,0.95,0.07173601147776183
1226,18.0,Male,Business,2.9890000000000003,1569.0,Rejected,Yes,Enrolled,0.49450000000000016,0.9555236728837877
1296,24.0,Male,Engineering,3.74,1505.0,Accepted,Yes,Not Enrolled,0.8700000000000001,0.8637015781922525
1450,18.0,Female,Engineering,3.15,1575.0,Accepted,Yes,Enrolled,0.575,0.9641319942611191
1273,23.0,Male,Computer Science,2.93,1122.0,Accepted,No,Enrolled,0.4650000000000001,0.31420373027259685
1094,19.0,Male,Business,2.64,1262.0,Rejected,Yes,Not Enrolled,0.32000000000000006,0.5150645624103299
1067,25.0,Male,Computer Science,2.32,1243.0,Rejected,Yes,Not Enrolled,0.15999999999999992,0.4878048780487805
1336,24.0,Female,Healthcare,3.61,980.0,Rejected,Yes,Enrolled,0.8049999999999999,0.11047345767575323
1224,24.0,Male,Computer Science,2.9890000000000003,1452.0,Accepted,No,Enrolled,0.49450000000000016,0.787661406025825
1362,23.0,Male,Business,3.8,1020.0,Rejected,No,Not Enrolled,0.8999999999999999,0.1678622668579627
1265,27.0,Female,Healthcare,2.72,1588.0,Rejected,No,Enrolled,0.3600000000000001,0.9827833572453372
1142,19.0,Female,Healthcare,2.75,1365.0,Accepted,Yes,Enrolled,0.375,0.6628407460545194
1151,26.0,Female,Healthcare,2.27,1153.0,Rejected,Yes,Enrolled,0.135,0.3586800573888092
1474,30.0,Female,Healthcare,3.36,1534.0,Rejected,Yes,Enrolled,0.6799999999999999,0.9053084648493543
1175,26.0,Female,Computer Science,3.72,1110.0,Accepted,No,Not Enrolled,0.8600000000000001,0.296987087517934
1430,21.0,Female,Healthcare,2.22,1584.0,Accepted,Yes,Not Enrolled,0.1100000000000001,0.9770444763271162
1032,20.0,Female,Healthcare,3.58,1040.0,Rejected,No,Enrolled,0.79,0.19655667144906744
1333,20.0,Male,Computer Science,3.28,1108.0,Rejected,Yes,Enrolled,0.6399999999999999,0.29411764705882354
1500,30.0,Female,Design,3.91,1552.0,Rejected,No,Enrolled,0.9550000000000001,0.9311334289813487
1325,17.0,Male,Engineering,3.54,1322.0,Rejected,Yes,Not Enrolled,0.77,0.6011477761836442
1092,30.0,Female,Healthcare,2.16,1079.0,Accepted,No,Not Enrolled,0.08000000000000007,0.25251076040172166
1445,18.0,Female,Healthcare,3.44,1532.0,Rejected,Yes,Enrolled,0.72,0.9024390243902439
1191,22.0,Female,Computer Science,2.85,1588.0,Rejected,No,Not Enrolled,0.42500000000000004,0.9827833572453372
1493,27.0,Female,Healthcare,3.09,995.0,Rejected,No,Not Enrolled,0.5449999999999999,0.13199426111908177
1038,17.0,Male,Business,3.75,1387.0,Rejected,Yes,Not Enrolled,0.875,0.6944045911047346
1303,24.0,Male,Design,3.89,948.0,Rejected,No,Not Enrolled,0.9450000000000001,0.06456241032998565
1405,25.0,Female,Healthcare,2.73,1288.0,Rejected,No,Enrolled,0.365,0.5523672883787661
1438,19.0,Female,Design,3.31,1054.0,Accepted,No,Not Enrolled,0.655,0.21664275466284075
1221,17.0,Female,Healthcare,2.47,1262.0,Accepted,No,Enrolled,0.2350000000000001,0.5150645624103299
1269,24.0,Female,Computer Science,2.47,1311.0,Rejected,Yes,Not Enrolled,0.2350000000000001,0.5853658536585366
1063,25.0,Female,Healthcare,3.54,1205.0,Accepted,Yes,Not Enrolled,0.77,0.4332855093256815
1089,21.0,Male,Engineering,2.79,1481.0,Accepted,No,Enrolled,0.395,0.8292682926829268
1460,22.0,Male,Computer Science,3.7,1181.0,Accepted,No,Enrolled,0.8500000000000001,0.3988522238163558
1379,28.0,Male,Engineering,3.2,1268.0,Accepted,Yes,Not Enrolled,0.6000000000000001,0.5236728837876614
1309,20.0,Male,Business,2.55,1226.0,Accepted,Yes,Not Enrolled,0.2749999999999999,0.4634146341463415
1105,27.0,Male,Design,3.23,1262.0,Rejected,Yes,Enrolled,0.615,0.5150645624103299
1360,19.0,Male,Engineering,2.84,1116.0,Rejected,Yes,Enrolled,0.41999999999999993,0.30559540889526543
1274,22.0,Female,Healthcare,3.97,957.0,Rejected,Yes,Not Enrolled,0.9850000000000001,0.07747489239598278
1077,18.0,Other,Computer Science,2.25,1179.0,Accepted,Yes,Not Enrolled,0.125,0.39598278335724535
1033,24.0,Female,Engineering,3.02,905.0,Accepted,Yes,Not Enrolled,0.51,0.0028694404591104736
1059,29.0,Male,Business,2.39,1090.0,Accepted,No,Enrolled,0.19500000000000006,0.2682926829268293
1126,23.0,Male,Design,2.58,1376.0,Rejected,Yes,Enrolled,0.29000000000000004,0.6786226685796269
1223,22.0,Male,Healthcare,2.72,1577.0,Accepted,No,Not Enrolled,0.3600000000000001,0.9670014347202296
1028,27.0,Male,Computer Science,2.38,1238.0,Rejected,No,Enrolled,0.18999999999999995,0.4806312769010043
1078,23.0,Male,Computer Science,2.17,1097.0,Accepted,No,Not Enrolled,0.08499999999999996,0.2783357245337159
1048,29.0,Male,Computer Science,2.73,1567.0,Rejected,Yes,Not Enrolled,0.365,0.9526542324246772
1256,25.0,Male,Computer Science,3.34,916.0,Accepted,No,Not Enrolled,0.6699999999999999,0.018651362984218076
1290,22.0,Female,Healthcare,3.66,1126.0,Rejected,Yes,Enrolled,0.8300000000000001,0.3199426111908178
1406,18.0,Male,Computer Science,2.29,1483.0,Rejected,Yes,Enrolled,0.14500000000000002,0.8321377331420373
1427,26.0,Male,Healthcare,2.95,1436.0,Rejected,Yes,Enrolled,0.4750000000000001,0.7647058823529411
1319,28.0,Male,Engineering,2.68,1130.0,Rejected,No,Enrolled,0.3400000000000001,0.32568149210903874
1253,26.0,Female,Healthcare,3.62,1576.0,Accepted,Yes,Not Enrolled,0.81,0.9655667144906743
1332,20.0,Male,Computer Science,3.09,1161.0,Rejected,No,Not Enrolled,0.5449999999999999,0.3701578192252511
1331,18.0,Female,Healthcare,3.78,1148.0,Accepted,Yes,Not Enrolled,0.8899999999999999,0.351506456241033
1150,28.0,Female,Healthcare,3.51,1123.0,Rejected,Yes,Enrolled,0.7549999999999999,0.31563845050215206
1165,19.0,Male,Business,3.58,1107.0,Rejected,Yes,Enrolled,0.79,0.2926829268292683
1492,20.0,Male,Computer Science,3.15,932.0,Accepted,No,Enrolled,0.575,0.04160688665710186
1442,24.0,Female,Healthcare,2.1,1366.0,Rejected,No,Not Enrolled,0.050000000000000044,0.6642754662840746
1456,19.0,Male,Computer Science,2.41,1321.0,Accepted,Yes,Not Enrolled,0.20500000000000007,0.599713055954089
1477,27.0,Male,Healthcare,2.97,1262.0,Rejected,Yes,Enrolled,0.4850000000000001,0.5150645624103299
1318,30.0,Male,Design,3.8,1146.0,Rejected,Yes,Not Enrolled,0.8999999999999999,0.3486370157819225
1204,25.0,Female,Healthcare,3.45,1454.0,Rejected,Yes,Not Enrolled,0.7250000000000001,0.7905308464849354
1064,18.0,Female,Healthcare,3.56,1481.0,Accepted,No,Not Enrolled,0.78,0.8292682926829268
1397,17.0,Female,Engineering,3.65,1498.0,Rejected,Yes,Enrolled,0.825,0.8536585365853658
1101,27.0,Male,Computer Science,2.94,1585.0,Rejected,Yes,Enrolled,0.47,0.9784791965566715
1276,26.0,Male,Healthcare,3.77,1415.0,Accepted,Yes,Not Enrolled,0.885,0.7345767575322812
1156,20.0,Female,Healthcare,3.37,1357.0,Accepted,No,Enrolled,0.685,0.6513629842180775
1157,19.0,Male,Computer Science,3.96,1440.0,Rejected,No,Not Enrolled,0.98,0.7704447632711621
1377,23.0,Male,Business,2.1,1215.0,Rejected,Yes,Not Enrolled,0.050000000000000044,0.44763271162123386
1307,29.0,Male,Computer Science,2.39,1290.0,Rejected,No,Not Enrolled,0.19500000000000006,0.5552367288378766
1196,24.0,Female,Healthcare,2.21,903.0,Rejected,No,Not Enrolled,0.10499999999999998,0.0
1323,27.0,Male,Engineering,2.16,959.0,Accepted,Yes,Enrolled,0.08000000000000007,0.08034433285509325
1373,29.0,Male,Engineering,2.79,1377.0,Accepted,Yes,Not Enrolled,0.395,0.6800573888091822
1494,27.0,Female,Engineering,3.79,1315.0,Rejected,Yes,Enrolled,0.895,0.5911047345767575
1116,25.0,Female,Computer Science,2.9890000000000003,1496.0,Accepted,Yes,Not Enrolled,0.49450000000000016,0.8507890961262554
1448,26.0,Other,Design,3.64,1531.0,Accepted,No,Not Enrolled,0.8200000000000001,0.9010043041606887
1347,23.0,Other,Engineering,3.98,1517.0,Accepted,No,Not Enrolled,0.99,0.8809182209469153
1375,24.0,Female,Healthcare,2.48,1564.0,Rejected,Yes,Enrolled,0.24,0.9483500717360115
1263,23.0,Male,Business,3.4,1262.0,Rejected,Yes,Not Enrolled,0.7,0.5150645624103299
1268,25.0,Male,Business,3.58,945.0,Rejected,Yes,Enrolled,0.79,0.06025824964131994
1311,18.0,Female,Computer Science,3.23,1262.0,Accepted,No,Enrolled,0.615,0.5150645624103299
1184,18.0,Male,Business,2.68,1425.0,Rejected,Yes,Enrolled,0.3400000000000001,0.7489239598278336
1451,18.0,Other,Engineering,3.4,1399.0,Accepted,Yes,Not Enrolled,0.7,0.7116212338593975
1177,25.0,Male,Business,3.31,1400.0,Accepted,Yes,Not Enrolled,0.655,0.7130559540889526
1389,17.0,Male,Engineering,2.09,1323.0,Rejected,Yes,Enrolled,0.04499999999999993,0.6025824964131994
1029,28.0,Female,Healthcare,4.0,1383.0,Rejected,Yes,Enrolled,1.0,0.6886657101865137
1356,18.0,Male,Engineering,2.28,1113.0,Rejected,No,Enrolled,0.1399999999999999,0.3012912482065997
1144,19.0,Female,Design,2.71,1282.0,Accepted,Yes,Enrolled,0.355,0.5437589670014347
1367,17.0,Female,Healthcare,2.32,1306.0,Rejected,No,Not Enrolled,0.15999999999999992,0.5781922525107605
1457,22.0,Male,Engineering,3.0,912.0,Accepted,No,Not Enrolled,0.5,0.01291248206599713
1258,28.0,Female,Healthcare,3.1,1111.0,Accepted,Yes,Enrolled,0.55,0.2984218077474892
1463,24.0,Male,Computer Science,3.04,917.0,Rejected,Yes,Enrolled,0.52,0.020086083213773313
1339,19.0,Female,Healthcare,3.38,994.0,Accepted,No,Not Enrolled,0.69,0.13055954088952654
1163,30.0,Female,Healthcare,2.07,1460.0,Rejected,Yes,Not Enrolled,0.03499999999999992,0.7991391678622669
1206,30.0,Male,Healthcare,3.23,970.0,Rejected,No,Not Enrolled,0.615,0.09612625538020086
1221,17.0,Female,Healthcare,2.47,982.0,Accepted,No,Enrolled,0.2350000000000001,0.1133428981348637
1421,17.0,Female,Healthcare,3.69,1459.0,Accepted,No,Enrolled,0.845,0.7977044476327116
1342,20.0,Female,Business,2.93,952.0,Accepted,Yes,Enrolled,0.4650000000000001,0.0703012912482066
1216,29.0,Female,Engineering,2.06,1283.0,Accepted,No,Enrolled,0.030000000000000027,0.5451936872309899
1119,23.0,Female,Computer Science,2.13,1167.0,Rejected,No,Enrolled,0.06499999999999995,0.3787661406025825
1039,29.0,Male,Computer Science,3.24,1388.0,Rejected,No,Not Enrolled,0.6200000000000001,0.6958393113342898
1202,29.0,Female,Business,2.89,1252.0,Rejected,No,Not Enrolled,0.44500000000000006,0.5007173601147776
1061,28.0,Female,Healthcare,3.14,938.0,Rejected,Yes,Enrolled,0.5700000000000001,0.05021520803443329
1346,29.0,Female,Healthcare,2.64,1519.0,Accepted,Yes,Not Enrolled,0.32000000000000006,0.8837876614060258
1102,27.0,Female,Healthcare,3.66,997.0,Rejected,Yes,Not Enrolled,0.8300000000000001,0.13486370157819225
1172,18.0,Female,Computer Science,2.07,1262.0,Rejected,No,Enrolled,0.03499999999999992,0.5150645624103299
1431,20.0,Female,Healthcare,2.83,949.0,Rejected,Yes,Not Enrolled,0.41500000000000004,0.06599713055954089
1334,20.0,Male,Engineering,2.6,1262.0,Accepted,No,Enrolled,0.30000000000000004,0.5150645624103299
1069,23.0,Male,Computer Science,3.21,1365.0,Rejected,No,Enrolled,0.605,0.6628407460545194
1148,25.0,Female,Healthcare,2.21,1262.0,Rejected,Yes,Not Enrolled,0.10499999999999998,0.5150645624103299
1337,19.0,Male,Business,2.9890000000000003,1360.0,Rejected,Yes,Not Enrolled,0.49450000000000016,0.6556671449067432
1162,17.0,Male,Healthcare,3.89,963.0,Rejected,Yes,Enrolled,0.9450000000000001,0.08608321377331421
1341,24.0,Male,Business,2.83,1095.0,Rejected,Yes,Not Enrolled,0.41500000000000004,0.27546628407460544
1171,26.0,Female,Healthcare,2.95,1432.0,Accepted,No,Not Enrolled,0.4750000000000001,0.7589670014347202
1420,26.0,Female,Healthcare,3.23,1043.0,Rejected,Yes,Not Enrolled,0.615,0.20086083213773315
1314,22.0,Male,Business,3.18,1285.0,Accepted,Yes,Enrolled,0.5900000000000001,0.5480631276901005
1242,25.0,Female,Healthcare,3.41,1444.0,Rejected,Yes,Not Enrolled,0.7050000000000001,0.776183644189383
1490,28.0,Male,Healthcare,3.44,1569.0,Accepted,No,Enrolled,0.72,0.9555236728837877
1409,18.0,Female,Computer Science,2.08,1463.0,Accepted,No,Enrolled,0.040000000000000036,0.8034433285509326
1003,17.0,Female,Computer Science,2.16,1352.0,Accepted,Yes,Not Enrolled,0.08000000000000007,0.6441893830703013
1361,23.0,Male,Design,3.93,1094.0,Rejected,No,Not Enrolled,0.9650000000000001,0.27403156384505023
1417,26.0,Male,Engineering,3.86,1072.0,Rejected,No,Not Enrolled,0.9299999999999999,0.242467718794835
1040,29.0,Female,Healthcare,3.19,1566.0,Rejected,Yes,Not Enrolled,0.595,0.9512195121951219
1355,17.0,Male,Engineering,2.9,1390.0,Rejected,Yes,Enrolled,0.44999999999999996,0.6987087517934003
1496,21.0,Female,Healthcare,2.69,1286.0,Rejected,No,Not Enrolled,0.345,0.5494978479196556
1081,29.0,Male,Engineering,2.9890000000000003,1066.0,Accepted,No,Not Enrolled,0.49450000000000016,0.23385939741750358
1037,30.0,Male,Healthcare,3.32,1568.0,Accepted,No,Not Enrolled,0.6599999999999999,0.9540889526542324
1035,23.0,Male,Engineering,3.48,1061.0,Rejected,No,Not Enrolled,0.74,0.2266857962697274
1239,30.0,Male,Healthcare,3.83,1589.0,Rejected,No,Not Enrolled,0.915,0.9842180774748924
1478,18.0,Male,Healthcare,3.91,1173.0,Rejected,No,Enrolled,0.9550000000000001,0.38737446197991393
1343,30.0,Male,Computer Science,2.68,1174.0,Rejected,No,Enrolled,0.3400000000000001,0.38880918220946914
1004,28.0,Male,Computer Science,3.33,1571.0,Rejected,Yes,Not Enrolled,0.665,0.9583931133428981
1211,25.0,Female,Computer Science,3.34,1084.0,Accepted,Yes,Not Enrolled,0.6699999999999999,0.25968436154949787
1016,23.0,Male,Healthcare,3.41,1500.0,Accepted,Yes,Enrolled,0.7050000000000001,0.8565279770444764
1315,23.0,Male,Business,3.16,1088.0,Rejected,Yes,Enrolled,0.5800000000000001,0.2654232424677188
1115,28.0,Female,Healthcare,2.24,1209.0,Rejected,No,Enrolled,0.1200000000000001,0.43902439024390244
1443,22.0,Female,Business,2.96,1282.0,Accepted,Yes,Not Enrolled,0.48,0.5437589670014347
1083,18.0,Female,Healthcare,2.18,1563.0,Rejected,No,Not Enrolled,0.09000000000000008,0.9469153515064562
1090,24.0,Female,Healthcare,2.75,1590.0,Accepted,No,Not Enrolled,0.375,0.9856527977044476
1295,27.0,Male,Healthcare,3.01,1470.0,Accepted,No,Not Enrolled,0.5049999999999999,0.8134863701578192
1088,23.0,Male,Business,2.83,1202.0,Accepted,Yes,Not Enrolled,0.41500000000000004,0.42898134863701576
1330,30.0,Other,Business,2.06,1297.0,Accepted,Yes,Enrolled,0.030000000000000027,0.5652797704447633
1407,30.0,Male,Engineering,3.2,1151.0,Accepted,Yes,Enrolled,0.6000000000000001,0.35581061692969873
1411,18.0,Female,Healthcare,2.9890000000000003,1245.0,Accepted,No,Enrolled,0.49450000000000016,0.49067431850789095
1021,20.0,Male,Engineering,3.34,1443.0,Accepted,Yes,Enrolled,0.6699999999999999,0.7747489239598279
1429,22.0,Male,Design,2.66,976.0,Accepted,Yes,Not Enrolled,0.33000000000000007,0.10473457675753228
1435,20.0,Male,Computer Science,3.26,1545.0,Rejected,Yes,Not Enrolled,0.6299999999999999,0.921090387374462
1006,20.0,Male,Business,2.62,1390.0,Rejected,No,Enrolled,0.31000000000000005,0.6987087517934003
1480,21.0,Male,Computer Science,2.6,980.0,Rejected,No,Enrolled,0.30000000000000004,0.11047345767575323
1103,18.0,Male,Design,3.52,1089.0,Rejected,Yes,Not Enrolled,0.76,0.266857962697274
1275,17.0,Female,Healthcare,2.26,1043.0,Rejected,Yes,Enrolled,0.1299999999999999,0.20086083213773315
1369,23.0,Male,Engineering,2.9890000000000003,1465.0,Accepted,Yes,Not Enrolled,0.49450000000000016,0.806312769010043
1380,29.0,Female,Healthcare,3.69,1425.0,Rejected,No,Not Enrolled,0.845,0.7489239598278336
1393,17.0,Female,Healthcare,2.58,1049.0,Accepted,Yes,Not Enrolled,0.29000000000000004,0.20946915351506457
1138,24.0,Male,Business,2.04,1124.0,Rejected,No,Not Enrolled,0.020000000000000018,0.3170731707317073
1394,28.0,Male,Business,2.77,916.0,Accepted,No,Not Enrolled,0.385,0.018651362984218076
1131,18.0,Other,Computer Science,3.34,1218.0,Rejected,No,Enrolled,0.6699999999999999,0.4519368723098996
1124,20.0,Male,Business,3.15,1583.0,Accepted,Yes,Enrolled,0.575,0.975609756097561
1413,30.0,Male,Engineering,3.04,1400.0,Rejected,No,Enrolled,0.52,0.7130559540889526
1259,28.0,Female,Healthcare,2.58,968.0,Accepted,No,Enrolled,0.29000000000000004,0.09325681492109039
1011,27.0,Female,Healthcare,2.17,1475.0,Rejected,Yes,Not Enrolled,0.08499999999999996,0.8206599713055954
1203,19.0,Female,Healthcare,2.89,965.0,Accepted,Yes,Not Enrolled,0.44500000000000006,0.08895265423242468
1109,23.0,Male,Design,2.3,1167.0,Accepted,Yes,Not Enrolled,0.1499999999999999,0.3787661406025825
1087,18.0,Female,Computer Science,3.86,1245.0,Rejected,No,Not Enrolled,0.9299999999999999,0.49067431850789095
1292,25.0,Male,Business,3.18,1207.0,Rejected,Yes,Enrolled,0.5900000000000001,0.43615494978479197
1093,23.0,Female,Healthcare,2.45,1525.0,Accepted,No,Not Enrolled,0.2250000000000001,0.8923959827833573
1306,24.0,Female,Healthcare,2.16,1587.0,Accepted,Yes,Not Enrolled,0.08000000000000007,0.9813486370157819
1247,24.0,Female,Healthcare,2.4,1254.0,Rejected,No,Not Enrolled,0.19999999999999996,0.503586800573888
1299,19.0,Male,Business,2.61,1595.0,Rejected,No,Not Enrolled,0.30499999999999994,0.9928263988522238
1219,29.0,Male,Computer Science,2.88,1286.0,Rejected,Yes,Enrolled,0.43999999999999995,0.5494978479196556
1225,17.0,Male,Computer Science,2.06,1036.0,Rejected,Yes,Enrolled,0.030000000000000027,0.1908177905308465
1371,23.0,Female,Healthcare,2.99,1189.0,Accepted,No,Enrolled,0.4950000000000001,0.4103299856527977
1464,30.0,Male,Business,3.12,1414.0,Accepted,No,Enrolled,0.56,0.733142037302726
1235,18.0,Female,Healthcare,3.92,903.0,Rejected,No,Not Enrolled,0.96,0.0
1465,25.0,Male,Engineering,4.0,1590.0,Accepted,No,Enrolled,1.0,0.9856527977044476
1461,21.0,Female,Healthcare,3.45,1448.0,Rejected,No,Not Enrolled,0.7250000000000001,0.7819225251076041
1002,18.0,Female,Healthcare,2.3,1254.0,Accepted,No,Not Enrolled,0.1499999999999999,0.503586800573888
1479,19.0,Male,Design,2.9890000000000003,1306.0,Accepted,No,Not Enrolled,0.49450000000000016,0.5781922525107605
1374,29.0,Female,Healthcare,2.91,1446.0,Rejected,No,Enrolled,0.45500000000000007,0.7790530846484935
1483,28.0,Male,Business,3.54,1370.0,Accepted,No,Not Enrolled,0.77,0.6700143472022956
1449,26.0,Male,Engineering,2.48,1394.0,Accepted,Yes,Enrolled,0.24,0.7044476327116213
1441,21.0,Female,Healthcare,2.46,1417.0,Rejected,No,Not Enrolled,0.22999999999999998,0.7374461979913917
1009,28.0,Male,Healthcare,2.26,1262.0,Accepted,No,Not Enrolled,0.1299999999999999,0.5150645624103299
1162,23.0,Male,Healthcare,3.89,963.0,Rejected,Yes,Enrolled,0.9450000000000001,0.08608321377331421
1045,21.0,Male,Healthcare,3.81,1561.0,Accepted,No,Not Enrolled,0.905,0.9440459110473458
1455,21.0,Male,Engineering,2.83,1464.0,Rejected,No,Not Enrolled,0.41500000000000004,0.8048780487804879
1497,25.0,Male,Engineering,2.9890000000000003,1465.0,Rejected,No,Not Enrolled,0.49450000000000016,0.806312769010043
1287,18.0,Female,Healthcare,2.93,1046.0,Rejected,No,Not Enrolled,0.4650000000000001,0.20516499282639886
1344,18.0,Female,Healthcare,2.29,1262.0,Accepted,No,Enrolled,0.14500000000000002,0.5150645624103299
1447,24.0,Male,Engineering,2.76,1582.0,Accepted,Yes,Not Enrolled,0.3799999999999999,0.9741750358680057
1100,28.0,Female,Healthcare,3.83,1310.0,Accepted,Yes,Enrolled,0.915,0.5839311334289814
1087,23.0,Female,Computer Science,3.86,1245.0,Rejected,No,Not Enrolled,0.9299999999999999,0.49067431850789095
1215,22.0,Female,Healthcare,2.32,1330.0,Accepted,No,Enrolled,0.15999999999999992,0.6126255380200861
1463,24.0,Male,Computer Science,2.9890000000000003,917.0,Rejected,Yes,Enrolled,0.49450000000000016,0.020086083213773313
1468,26.0,Female,Healthcare,3.91,1009.0,Accepted,No,Not Enrolled,0.9550000000000001,0.15208034433285508
1236,18.0,Male,Healthcare,2.05,923.0,Accepted,No,Enrolled,0.02499999999999991,0.028694404591104734
1363,24.0,Male,Healthcare,3.63,1390.0,Rejected,Yes,Not Enrolled,0.815,0.6987087517934003
1236,18.0,Male,Healthcare,2.05,1262.0,Accepted,No,Enrolled,0.02499999999999991,0.5150645624103299
1220,23.0,Male,Computer Science,2.25,1284.0,Rejected,Yes,Not Enrolled,0.125,0.5466284074605452
1085,20.0,Female,Healthcare,3.63,1090.0,Rejected,No,Enrolled,0.815,0.2682926829268293
1155,22.0,Female,Healthcare,3.66,1438.0,Rejected,Yes,Not Enrolled,0.8300000000000001,0.7675753228120517
1311,18.0,Female,Computer Science,3.23,1318.0,Accepted,No,Enrolled,0.615,0.5954088952654233
1135,22.0,Female,Healthcare,3.09,1276.0,Accepted,No,Not Enrolled,0.5449999999999999,0.5351506456241033
1008,19.0,Male,Computer Science,3.32,1106.0,Accepted,Yes,Not Enrolled,0.6599999999999999,0.29124820659971307
1353,25.0,Male,Design,2.48,1472.0,Rejected,No,Not Enrolled,0.24,0.8163558106169297
1219,23.0,Male,Computer Science,2.88,1286.0,Rejected,Yes,Enrolled,0.43999999999999995,0.5494978479196556
1140,27.0,Male,Healthcare,2.09,1389.0,Rejected,Yes,Not Enrolled,0.04499999999999993,0.697274031563845
1210,27.0,Female,Healthcare,2.11,1318.0,Accepted,No,Enrolled,0.05499999999999994,0.5954088952654233
1230,21.0,Male,Design,2.15,1450.0,Rejected,No,Not Enrolled,0.07499999999999996,0.7847919655667145
1136,20.0,Female,Healthcare,3.57,1529.0,Rejected,No,Not Enrolled,0.7849999999999999,0.8981348637015782
1001,27.0,Male,Engineering,3.21,980.0,Accepted,Yes,Not Enrolled,0.605,0.11047345767575323
1213,20.0,Female,Healthcare,3.03,1556.0,Accepted,Yes,Enrolled,0.5149999999999999,0.9368723098995696
1051,18.0,Male,Design,3.22,1447.0,Accepted,Yes,Enrolled,0.6100000000000001,0.7804878048780488
1384,24.0,Female,Design,2.21,1380.0,Accepted,Yes,Not Enrolled,0.10499999999999998,0.6843615494978479
1036,29.0,Female,Design,3.05,1316.0,Accepted,No,Enrolled,0.5249999999999999,0.5925394548063128
1179,25.0,Male,Business,3.6,1422.0,Accepted,No,Not Enrolled,0.8,0.7446197991391679
1132,20.0,Female,Computer Science,3.05,1020.0,Rejected,No,Not Enrolled,0.5249999999999999,0.1678622668579627
1407,30.0,Male,Engineering,3.2,1151.0,Accepted,No,Enrolled,0.6000000000000001,0.35581061692969873
1433,28.0,Female,Healthcare,3.8,1322.0,Rejected,No,Enrolled,0.8999999999999999,0.6011477761836442
1056,23.0,Male,Engineering,3.93,937.0,Rejected,Yes,Not Enrolled,0.9650000000000001,0.04878048780487805
1416,18.0,Male,Engineering,2.28,1371.0,Accepted,Yes,Enrolled,0.1399999999999999,0.6714490674318508
1188,21.0,Female,Healthcare,3.59,959.0,Rejected,No,Enrolled,0.7949999999999999,0.08034433285509325
1283,28.0,Female,Healthcare,3.15,1588.0,Rejected,Yes,Enrolled,0.575,0.9827833572453372
1408,19.0,Male,Design,2.8,1411.0,Rejected,Yes,Not Enrolled,0.3999999999999999,0.7288378766140603
1074,26.0,Male,Business,3.87,1037.0,Rejected,Yes,Not Enrolled,0.935,0.19225251076040173
1300,28.0,Female,Engineering,2.32,1337.0,Accepted,No,Not Enrolled,0.15999999999999992,0.6226685796269728
1138,24.0,Male,Business,2.04,1262.0,Rejected,No,Not Enrolled,0.020000000000000018,0.5150645624103299
1436,21.0,Female,Healthcare,3.19,1136.0,Accepted,Yes,Not Enrolled,0.595,0.33428981348637016
1086,30.0,Female,Healthcare,2.9890000000000003,914.0,Rejected,Yes,Not Enrolled,0.49450000000000016,0.015781922525107604
1282,18.0,Male,Business,2.82,1512.0,Accepted,No,Enrolled,0.4099999999999999,0.8737446197991392
1200,21.0,Female,Healthcare,3.44,946.0,Rejected,Yes,Not Enrolled,0.72,0.06169296987087518
1401,30.0,Male,Computer Science,2.19,1262.0,Accepted,Yes,Enrolled,0.09499999999999997,0.5150645624103299
1176,23.0,Male,Engineering,2.1,1497.0,Accepted,No,Not Enrolled,0.050000000000000044,0.8522238163558106
1212,23.0,Female,Engineering,2.81,1038.0,Rejected,No,Enrolled,0.405,0.19368723098995697
1147,25.0,Female,Healthcare,3.31,1382.0,Rejected,No,Not Enrolled,0.655,0.6872309899569584
1180,30.0,Male,Engineering,2.87,1356.0,Accepted,Yes,Enrolled,0.43500000000000005,0.6499282639885222
1254,23.0,Female,Healthcare,3.94,1329.0,Rejected,Yes,Enrolled,0.97,0.6111908177905309
1079,27.0,Female,Healthcare,2.32,1015.0,Accepted,Yes,Not Enrolled,0.15999999999999992,0.1606886657101865
1423,18.0,Male,Computer Science,3.01,1088.0,Accepted,No,Not Enrolled,0.5049999999999999,0.2654232424677188
1322,27.0,Male,Computer Science,3.73,1374.0,Accepted,No,Enrolled,0.865,0.6757532281205165
1246,27.0,Male,Computer Science,4.0,1371.0,Rejected,Yes,Enrolled,1.0,0.6714490674318508
1152,23.0,Male,Computer Science,2.7,1596.0,Accepted,No,Enrolled,0.3500000000000001,0.994261119081779
1228,30.0,Male,Computer Science,2.74,1021.0,Accepted,No,Enrolled,0.3700000000000001,0.16929698708751795
1139,23.0,Male,Computer Science,3.75,1036.0,Rejected,Yes,Enrolled,0.875,0.1908177905308465
1192,18.0,Male,Computer Science,2.86,1215.0,Accepted,Yes,Not Enrolled,0.42999999999999994,0.44763271162123386
1114,27.0,Male,Computer Science,2.9890000000000003,1237.0,Accepted,Yes,Not Enrolled,0.49450000000000016,0.47919655667144906
1094,19.0,Male,Business,2.64,1554.0,Rejected,No,Not Enrolled,0.32000000000000006,0.9340028694404591
1060,17.0,Male,Engineering,3.36,1196.0,Rejected,Yes,Enrolled,0.6799999999999999,0.42037302725968434
1418,20.0,Male,Computer Science,2.64,1260.0,Accepted,No,Not Enrolled,0.32000000000000006,0.5121951219512195
1457,22.0,Male,Engineering,2.9890000000000003,912.0,Accepted,No,Not Enrolled,0.49450000000000016,0.01291248206599713
1266,22.0,Male,Business,2.45,949.0,Rejected,Yes,Enrolled,0.2250000000000001,0.06599713055954089
1365,30.0,Other,Healthcare,3.44,1518.0,Accepted,No,Not Enrolled,0.72,0.8823529411764706
1027,28.0,Female,Healthcare,3.53,1323.0,Rejected,No,Enrolled,0.7649999999999999,0.6025824964131994
1482,18.0,Female,Healthcare,3.96,1315.0,Rejected,No,Enrolled,0.98,0.5911047345767575
1043,23.0,Female,Engineering,3.39,1228.0,Rejected,No,Enrolled,0.6950000000000001,0.46628407460545196
1035,21.0,Male,Engineering,3.48,1061.0,Rejected,No,Not Enrolled,0.74,0.2266857962697274
1201,25.0,Female,Healthcare,2.33,1333.0,Rejected,Yes,Not Enrolled,0.16500000000000004,0.6169296987087518
1439,27.0,Male,Business,3.94,909.0,Accepted,No,Enrolled,0.97,0.00860832137733142
1349,25.0,Male,Computer Science,2.8,974.0,Accepted,No,Enrolled,0.3999999999999999,0.10186513629842181
1055,30.0,Female,Healthcare,2.48,1080.0,Accepted,Yes,Enrolled,0.24,0.2539454806312769
1018,17.0,Female,Healthcare,3.99,1148.0,Rejected,Yes,Not Enrolled,0.9950000000000001,0.351506456241033
1433,23.0,Female,Healthcare,2.9890000000000003,1322.0,Rejected,No,Enrolled,0.49450000000000016,0.6011477761836442
1273,18.0,Male,Computer Science,2.93,1122.0,Accepted,Yes,Enrolled,0.4650000000000001,0.31420373027259685
1326,23.0,Female,Healthcare,2.53,1326.0,Rejected,Yes,Enrolled,0.2649999999999999,0.6068866571018652
1189,29.0,Male,Business,2.53,1472.0,Accepted,No,Enrolled,0.2649999999999999,0.8163558106169297
1020,20.0,Male,Engineering,2.19,1585.0,Accepted,Yes,Enrolled,0.09499999999999997,0.9784791965566715
1462,19.0,Male,Design,3.41,1193.0,Accepted,Yes,Enrolled,0.7050000000000001,0.41606886657101866
1020,20.0,Male,Engineering,2.9890000000000003,1585.0,Accepted,Yes,Enrolled,0.49450000000000016,0.9784791965566715
1498,24.0,Female,Healthcare,2.29,1387.0,Accepted,No,Enrolled,0.14500000000000002,0.6944045911047346
1073,22.0,Female,Healthcare,2.74,1405.0,Accepted,Yes,Not Enrolled,0.3700000000000001,0.7202295552367288
1446,17.0,Male,Design,3.55,1553.0,Rejected,Yes,Enrolled,0.7749999999999999,0.9325681492109039
1065,23.0,Female,Healthcare,3.01,1517.0,Accepted,Yes,Enrolled,0.5049999999999999,0.8809182209469153
1145,20.0,Female,Engineering,2.14,1325.0,Rejected,Yes,Enrolled,0.07000000000000006,0.6054519368723099
1281,17.0,Male,Business,2.82,1491.0,Rejected,Yes,Enrolled,0.4099999999999999,0.8436154949784792
1294,21.0,Female,Engineering,2.26,962.0,Accepted,Yes,Not Enrolled,0.1299999999999999,0.08464849354375897
1372,21.0,Female,Healthcare,2.18,1289.0,Rejected,No,Not Enrolled,0.09000000000000008,0.5538020086083214
1366,23.0,Male,Computer Science,2.38,1109.0,Accepted,Yes,Not Enrolled,0.18999999999999995,0.29555236728837875
1471,25.0,Male,Business,3.09,1052.0,Rejected,Yes,Enrolled,0.5449999999999999,0.21377331420373027
1014,18.0,Female,Healthcare,2.66,1011.0,Accepted,Yes,Enrolled,0.33000000000000007,0.15494978479196556
1121,23.0,Male,Healthcare,3.0,1268.0,Rejected,No,Not Enrolled,0.5,0.5236728837876614
1231,20.0,Female,Healthcare,2.28,1302.0,Rejected,Yes,Not Enrolled,0.1399999999999999,0.5724533715925395
1078,17.0,Male,Computer Science,2.17,1097.0,Accepted,No,Not Enrolled,0.08499999999999996,0.2783357245337159
1485,19.0,Female,Engineering,3.38,1149.0,Accepted,Yes,Not Enrolled,0.69,0.35294117647058826
1160,18.0,Female,Healthcare,2.27,1477.0,Rejected,Yes,Not Enrolled,0.135,0.8235294117647058
1049,22.0,Male,Computer Science,2.9890000000000003,1487.0,Accepted,No,Not Enrolled,0.49450000000000016,0.8378766140602583
1183,28.0,Male,Engineering,3.91,1035.0,Rejected,Yes,Not Enrolled,0.9550000000000001,0.18938307030129126
1172,18.0,Female,Computer Science,2.07,1352.0,Rejected,No,Enrolled,0.03499999999999992,0.6441893830703013
1091,27.0,Female,Healthcare,2.77,1097.0,Rejected,Yes,Enrolled,0.385,0.2783357245337159
1385,19.0,Male,Healthcare,2.27,1227.0,Rejected,No,Not Enrolled,0.135,0.4648493543758967
1170,23.0,Male,Engineering,3.63,1235.0,Accepted,Yes,Enrolled,0.815,0.4763271162123386
1257,29.0,Female,Healthcare,3.42,1146.0,Rejected,Yes,Not Enrolled,0.71,0.3486370157819225
1141,24.0,Female,Healthcare,2.77,1056.0,Accepted,Yes,Enrolled,0.385,0.21951219512195122
1398,26.0,Male,Business,2.9890000000000003,1493.0,Accepted,No,Enrolled,0.49450000000000016,0.8464849354375896
1176,24.0,Male,Engineering,2.1,1497.0,Accepted,No,Not Enrolled,0.050000000000000044,0.8522238163558106
1387,21.0,Male,Computer Science,2.73,1279.0,Accepted,Yes,Not Enrolled,0.365,0.539454806312769
1425,27.0,Male,Engineering,2.98,1557.0,Accepted,No,Enrolled,0.49,0.9383070301291249
1080,20.0,Male,Computer Science,2.9,1238.0,Rejected,No,Enrolled,0.44999999999999996,0.4806312769010043
1119,22.0,Female,Computer Science,2.13,1167.0,Rejected,No,Enrolled,0.06499999999999995,0.3787661406025825
1104,26.0,Female,Computer Science,2.94,1043.0,Rejected,No,Enrolled,0.47,0.20086083213773315
1476,21.0,Male,Engineering,2.53,1158.0,Accepted,Yes,Not Enrolled,0.2649999999999999,0.36585365853658536
1403,19.0,Male,Engineering,3.97,1237.0,Accepted,Yes,Enrolled,0.9850000000000001,0.47919655667144906
1120,30.0,Female,Healthcare,3.67,1569.0,Rejected,No,Enrolled,0.835,0.9555236728837877
1430,21.0,Female,Healthcare,2.9890000000000003,1584.0,Accepted,Yes,Not Enrolled,0.49450000000000016,0.9770444763271162
1028,27.0,Male,Computer Science,2.38,1262.0,Rejected,No,Enrolled,0.18999999999999995,0.5150645624103299
1472,17.0,Male,Computer Science,2.9890000000000003,1146.0,Accepted,No,Not Enrolled,0.49450000000000016,0.3486370157819225
1422,26.0,Female,Healthcare,3.19,1400.0,Rejected,Yes,Enrolled,0.595,0.7130559540889526
1098,27.0,Male,Engineering,2.29,1235.0,Accepted,Yes,Enrolled,0.14500000000000002,0.4763271162123386
1007,20.0,Other,Computer Science,3.31,1119.0,Accepted,No,Enrolled,0.655,0.3098995695839311
1434,22.0,Male,Computer Science,3.74,1040.0,Accepted,No,Not Enrolled,0.8700000000000001,0.19655667144906744
1111,24.0,Female,Healthcare,3.22,1141.0,Accepted,No,Not Enrolled,0.6100000000000001,0.34146341463414637
1099,21.0,Female,Healthcare,2.08,988.0,Accepted,No,Enrolled,0.040000000000000036,0.12195121951219512
1117,20.0,Female,Healthcare,3.28,1486.0,Rejected,Yes,Not Enrolled,0.6399999999999999,0.836441893830703
1013,25.0,Female,Healthcare,3.29,1040.0,Accepted,Yes,Enrolled,0.645,0.19655667144906744
1047,20.0,Female,Healthcare,2.9890000000000003,991.0,Rejected,No,Enrolled,0.49450000000000016,0.12625538020086083
1174,23.0,Male,Business,2.57,1596.0,Rejected,Yes,Not Enrolled,0.2849999999999999,0.994261119081779
1388,20.0,Female,Healthcare,2.81,1220.0,Accepted,Yes,Not Enrolled,0.405,0.45480631276901007
1106,19.0,Female,Healthcare,3.81,1231.0,Accepted,No,Not Enrolled,0.905,0.47058823529411764
1185,27.0,Male,Business,2.37,1262.0,Accepted,Yes,Not Enrolled,0.18500000000000005,0.5150645624103299
1459,20.0,Female,Engineering,2.94,1442.0,Accepted,Yes,Enrolled,0.47,0.7733142037302726
1395,23.0,Male,Business,2.9,1167.0,Rejected,Yes,Not Enrolled,0.44999999999999996,0.3787661406025825
1187,29.0,Male,Engineering,2.73,1477.0,Accepted,Yes,Enrolled,0.365,0.8235294117647058
1302,26.0,Female,Healthcare,2.45,1407.0,Accepted,Yes,Enrolled,0.2250000000000001,0.7230989956958394
1475,25.0,Female,Healthcare,3.61,1262.0,Accepted,Yes,Not Enrolled,0.8049999999999999,0.5150645624103299
1260,20.0,Female,Business,2.6,1003.0,Rejected,No,Not Enrolled,0.30000000000000004,0.14347202295552366
1042,28.0,Male,Design,2.36,1194.0,Rejected,No,Enrolled,0.17999999999999994,0.41750358680057387
1345,24.0,Female,Healthcare,3.72,1589.0,Accepted,Yes,Enrolled,0.8600000000000001,0.9842180774748924
1017,23.0,Male,Business,3.89,1145.0,Accepted,No,Not Enrolled,0.9450000000000001,0.3472022955523673
1334,20.0,Male,Engineering,2.6,1238.0,Accepted,No,Enrolled,0.30000000000000004,0.4806312769010043
1267,24.0,Female,Healthcare,3.97,1150.0,Accepted,No,Enrolled,0.9850000000000001,0.35437589670014347
1025,25.0,Male,Design,2.9890000000000003,953.0,Accepted,Yes,Enrolled,0.49450000000000016,0.07173601147776183
1368,19.0,Male,Engineering,3.99,1145.0,Rejected,Yes,Enrolled,0.9950000000000001,0.3472022955523673
1173,23.0,Male,Engineering,3.29,1019.0,Rejected,Yes,Enrolled,0.645,0.16642754662840745
1351,17.0,Male,Computer Science,3.03,1501.0,Rejected,No,Not Enrolled,0.5149999999999999,0.8579626972740315
1444,29.0,Male,Healthcare,3.05,961.0,Accepted,Yes,Enrolled,0.5249999999999999,0.08321377331420372
1210,23.0,Female,Healthcare,2.11,1318.0,Accepted,Yes,Enrolled,0.05499999999999994,0.5954088952654233
1137,27.0,Female,Healthcare,3.02,1126.0,Rejected,No,Not Enrolled,0.51,0.3199426111908178
1062,24.0,Male,Business,2.88,909.0,Rejected,Yes,Enrolled,0.43999999999999995,0.00860832137733142
1128,22.0,Female,Healthcare,2.9890000000000003,1262.0,Rejected,No,Enrolled,0.49450000000000016,0.5150645624103299
1293,20.0,Female,Healthcare,3.54,1181.0,Accepted,No,Enrolled,0.77,0.3988522238163558
1081,29.0,Male,Engineering,3.03,1066.0,Accepted,No,Not Enrolled,0.5149999999999999,0.23385939741750358
1238,24.0,Female,Healthcare,3.04,1374.0,Accepted,No,Enrolled,0.52,0.6757532281205165
1195,19.0,Male,Computer Science,2.59,1160.0,Rejected,Yes,Not Enrolled,0.29499999999999993,0.36872309899569583
1280,20.0,Female,Healthcare,2.96,1226.0,Accepted,No,Enrolled,0.48,0.4634146341463415
1244,19.0,Male,Engineering,3.22,1135.0,Rejected,No,Not Enrolled,0.6100000000000001,0.3328550932568149
1390,26.0,Other,Engineering,2.1,946.0,Rejected,No,Enrolled,0.050000000000000044,0.06169296987087518
1123,17.0,Female,Healthcare,3.26,963.0,Rejected,Yes,Not Enrolled,0.6299999999999999,0.08608321377331421
1458,18.0,Female,Healthcare,3.22,917.0,Rejected,Yes,Enrolled,0.6100000000000001,0.020086083213773313
1335,25.0,Male,Business,2.49,1562.0,Rejected,Yes,Not Enrolled,0.2450000000000001,0.945480631276901
1097,20.0,Female,Healthcare,2.67,1427.0,Rejected,Yes,Not Enrolled,0.33499999999999996,0.7517934002869441
1133,23.0,Female,Healthcare,2.72,1554.0,Rejected,No,Not Enrolled,0.3600000000000001,0.9340028694404591
1122,29.0,Female,Design,3.07,1141.0,Rejected,Yes,Enrolled,0.5349999999999999,0.34146341463414637
1425,27.0,Male,Engineering,2.98,1557.0,Accepted,Yes,Enrolled,0.49,0.9383070301291249
1381,25.0,Female,Healthcare,3.35,1409.0,Rejected,Yes,Not Enrolled,0.675,0.7259684361549498
1277,25.0,Female,Healthcare,2.13,1196.0,Accepted,Yes,Not Enrolled,0.06499999999999995,0.42037302725968434
1050,18.0,Male,Healthcare,3.94,1137.0,Rejected,Yes,Not Enrolled,0.97,0.3357245337159254
1344,18.0,Female,Healthcare,2.9890000000000003,1286.0,Accepted,No,Enrolled,0.49450000000000016,0.5494978479196556
1272,20.0,Female,Healthcare,3.14,1262.0,Accepted,Yes,Enrolled,0.5700000000000001,0.5150645624103299
1182,27.0,Male,Design,2.88,1364.0,Rejected,Yes,Enrolled,0.43999999999999995,0.6614060258249641
1313,23.0,Female,Healthcare,3.28,1262.0,Accepted,Yes,Enrolled,0.6399999999999999,0.5150645624103299
1352,27.0,Female,Business,2.21,1587.0,Accepted,Yes,Enrolled,0.10499999999999998,0.9813486370157819
1481,18.0,Female,Healthcare,3.88,1282.0,Rejected,No,Not Enrolled,0.94,0.5437589670014347
1130,21.0,Male,Computer Science,2.37,1414.0,Accepted,Yes,Not Enrolled,0.18500000000000005,0.733142037302726
1054,22.0,Female,Computer Science,2.47,1327.0,Accepted,Yes,Not Enrolled,0.2350000000000001,0.6083213773314203
1364,20.0,Male,Computer Science,3.87,1148.0,Rejected,Yes,Enrolled,0.935,0.351506456241033
1440,27.0,Female,Engineering,3.16,1123.0,Accepted,Yes,Enrolled,0.5800000000000001,0.31563845050215206
1149,21.0,Male,Healthcare,3.16,1580.0,Accepted,No,Enrolled,0.5800000000000001,0.9713055954088953
1329,29.0,Male,Engineering,3.24,1037.0,Accepted,Yes,Enrolled,0.6200000000000001,0.19225251076040173
1317,23.0,Female,Healthcare,3.25,1384.0,Rejected,Yes,Not Enrolled,0.625,0.6901004304160688
1041,19.0,Female,Healthcare,2.31,1262.0,Accepted,Yes,Enrolled,0.15500000000000003,0.5150645624103299
1126,17.0,Male,Design,2.58,1376.0,Rejected,Yes,Enrolled,0.29000000000000004,0.6786226685796269
1338,23.0,Female,Business,2.91,1262.0,Rejected,No,Enrolled,0.45500000000000007,0.5150645624103299
1263,23.0,Male,Business,3.4,1357.0,Rejected,Yes,Not Enrolled,0.7,0.6513629842180775
1370,17.0,Female,Business,3.76,1229.0,Rejected,Yes,Enrolled,0.8799999999999999,0.46771879483500717
1161,29.0,Female,Healthcare,3.43,1014.0,Rejected,No,Not Enrolled,0.7150000000000001,0.15925394548063126
1296,24.0,Male,Engineering,3.74,1505.0,Accepted,No,Not Enrolled,0.8700000000000001,0.8637015781922525
1108,28.0,Female,Engineering,2.43,906.0,Rejected,Yes,Not Enrolled,0.21500000000000008,0.00430416068866571
1251,25.0,Female,Healthcare,3.43,1015.0,Rejected,Yes,Enrolled,0.7150000000000001,0.1606886657101865
1019,18.0,Male,Healthcare,3.82,951.0,Accepted,No,Not Enrolled,0.9099999999999999,0.06886657101865136
1134,23.0,Male,Healthcare,3.91,1202.0,Rejected,No,Not Enrolled,0.9550000000000001,0.42898134863701576
1332,20.0,Male,Computer Science,3.09,1262.0,Rejected,No,Not Enrolled,0.5449999999999999,0.5150645624103299
1264,27.0,Female,Business,2.35,1262.0,Accepted,No,Enrolled,0.17500000000000004,0.5150645624103299
1164,18.0,Male,Business,2.4,1417.0,Accepted,No,Enrolled,0.19999999999999996,0.7374461979913917
1479,19.0,Male,Design,2.56,1306.0,Accepted,No,Not Enrolled,0.28,0.5781922525107605
1197,17.0,Male,Engineering,2.66,1123.0,Rejected,Yes,Enrolled,0.33000000000000007,0.31563845050215206
1121,29.0,Male,Healthcare,3.0,1268.0,Rejected,No,Not Enrolled,0.5,0.5236728837876614
1112,23.0,Female,Engineering,2.85,1357.0,Rejected,No,Enrolled,0.42500000000000004,0.6513629842180775
1187,29.0,Male,Engineering,2.73,1262.0,Accepted,Yes,Enrolled,0.365,0.5150645624103299
1310,18.0,Female,Healthcare,3.25,1326.0,Rejected,No,Enrolled,0.625,0.6068866571018652
1268,25.0,Male,Business,3.58,1262.0,Rejected,Yes,Enrolled,0.79,0.5150645624103299
1220,25.0,Male,Computer Science,2.25,1284.0,Rejected,Yes,Not Enrolled,0.125,0.5466284074605452
1499,21.0,Male,Healthcare,2.08,957.0,Accepted,Yes,Enrolled,0.040000000000000036,0.07747489239598278
1049,22.0,Male,Computer Science,3.44,1487.0,Accepted,No,Not Enrolled,0.72,0.8378766140602583
1164,23.0,Male,Business,2.4,1417.0,Accepted,No,Enrolled,0.19999999999999996,0.7374461979913917
1362,24.0,Male,Business,3.8,1020.0,Rejected,No,Not Enrolled,0.8999999999999999,0.1678622668579627
1178,21.0,Female,Engineering,2.55,993.0,Rejected,Yes,Not Enrolled,0.2749999999999999,0.1291248206599713
1486,21.0,Female,Healthcare,2.98,1131.0,Accepted,Yes,Not Enrolled,0.49,0.32711621233859395
1017,17.0,Male,Business,3.89,1145.0,Accepted,No,Not Enrolled,0.9450000000000001,0.3472022955523673
1467,21.0,Female,Healthcare,2.75,1083.0,Rejected,Yes,Enrolled,0.375,0.2582496413199426
1495,30.0,Male,Engineering,2.79,1288.0,Rejected,Yes,Enrolled,0.395,0.5523672883787661
1389,17.0,Male,Engineering,2.09,1262.0,Rejected,Yes,Enrolled,0.04499999999999993,0.5150645624103299
1233,20.0,Female,Healthcare,2.63,1030.0,Accepted,Yes,Enrolled,0.31499999999999995,0.18220946915351507
1029,23.0,Female,Healthcare,4.0,1383.0,Rejected,Yes,Enrolled,1.0,0.6886657101865137
1469,29.0,Male,Computer Science,2.92,998.0,Accepted,Yes,Not Enrolled,0.45999999999999996,0.13629842180774748
1452,25.0,Male,Business,2.38,916.0,Rejected,Yes,Enrolled,0.18999999999999995,0.018651362984218076
1376,21.0,Male,Business,3.17,1267.0,Rejected,No,Enrolled,0.585,0.5222381635581061
1237,28.0,Male,Computer Science,2.37,1205.0,Accepted,No,Enrolled,0.18500000000000005,0.4332855093256815
1041,19.0,Female,Healthcare,2.31,1262.0,Accepted,No,Enrolled,0.15500000000000003,0.5150645624103299
1386,20.0,Female,Healthcare,2.53,1108.0,Accepted,No,Not Enrolled,0.2649999999999999,0.29411764705882354
1484,25.0,Female,Healthcare,3.41,1478.0,Rejected,No,Not Enrolled,0.7050000000000001,0.8249641319942611
1366,23.0,Male,Computer Science,2.38,1262.0,Accepted,Yes,Not Enrolled,0.18999999999999995,0.5150645624103299
1340,21.0,Female,Healthcare,2.32,1448.0,Accepted,Yes,Not Enrolled,0.15999999999999992,0.7819225251076041
1169,27.0,Female,Healthcare,2.8,1068.0,Rejected,No,Enrolled,0.3999999999999999,0.23672883787661406
1264,27.0,Female,Business,2.35,1512.0,Accepted,Yes,Enrolled,0.17500000000000004,0.8737446197991392
1234,26.0,Male,Business,2.56,1128.0,Accepted,No,Not Enrolled,0.28,0.32281205164992827
1109,20.0,Male,Design,2.3,1167.0,Accepted,Yes,Not Enrolled,0.1499999999999999,0.3787661406025825
1432,27.0,Female,Computer Science,2.62,906.0,Rejected,Yes,Not Enrolled,0.31000000000000005,0.00430416068866571
1125,30.0,Female,Healthcare,3.44,1021.0,Rejected,No,Not Enrolled,0.72,0.16929698708751795
1057,26.0,Female,Healthcare,3.57,1306.0,Accepted,Yes,Enrolled,0.7849999999999999,0.5781922525107605
1158,25.0,Female,Healthcare,2.96,1270.0,Rejected,Yes,Enrolled,0.48,0.5265423242467718
1460,23.0,Male,Computer Science,3.7,1181.0,Accepted,No,Enrolled,0.8500000000000001,0.3988522238163558
1354,30.0,Male,Computer Science,2.25,1122.0,Rejected,Yes,Not Enrolled,0.125,0.31420373027259685
1271,20.0,Female,Healthcare,2.72,1139.0,Rejected,No,Enrolled,0.3600000000000001,0.3385939741750359
1010,18.0,Female,Healthcare,3.42,1177.0,Accepted,No,Not Enrolled,0.71,0.3931133428981349
1040,29.0,Female,Healthcare,2.9890000000000003,1566.0,Rejected,Yes,Not Enrolled,0.49450000000000016,0.9512195121951219
1467,21.0,Female,Healthcare,2.75,1083.0,Rejected,No,Enrolled,0.375,0.2582496413199426
1158,23.0,Female,Healthcare,2.96,1270.0,Rejected,Yes,Enrolled,0.48,0.5265423242467718
1312,27.0,Female,Healthcare,2.19,1052.0,Rejected,No,Enrolled,0.09499999999999997,0.21377331420373027
1255,20.0,Male,Engineering,3.97,1529.0,Accepted,Yes,Not Enrolled,0.9850000000000001,0.8981348637015782
1076,28.0,Male,Computer Science,3.03,1379.0,Rejected,Yes,Not Enrolled,0.5149999999999999,0.6829268292682927
1129,23.0,Male,Healthcare,2.9890000000000003,1315.0,Rejected,Yes,Enrolled,0.49450000000000016,0.5911047345767575
1240,18.0,Male,Business,2.24,1457.0,Rejected,No,Not Enrolled,0.1200000000000001,0.7948350071736011
1404,17.0,Male,Engineering,3.12,1262.0,Accepted,Yes,Not Enrolled,0.56,0.5150645624103299
1116,25.0,Female,Computer Science,2.48,1496.0,Accepted,Yes,Not Enrolled,0.24,0.8507890961262554
1157,19.0,Male,Computer Science,2.9890000000000003,1440.0,Rejected,No,Not Enrolled,0.49450000000000016,0.7704447632711621
1297,20.0,Female,Healthcare,3.66,1079.0,Rejected,Yes,Not Enrolled,0.8300000000000001,0.25251076040172166
1402,25.0,Male,Engineering,2.75,1100.0,Rejected,Yes,Not Enrolled,0.375,0.28263988522238165
1399,24.0,Male,Engineering,3.22,1327.0,Rejected,No,Enrolled,0.6100000000000001,0.6083213773314203
1007,20.0,Other,Computer Science,3.31,1119.0,Accepted,Yes,Enrolled,0.655,0.3098995695839311
1154,23.0,Male,Design,3.29,983.0,Accepted,No,Not Enrolled,0.645,0.11477761836441894
1153,26.0,Male,Computer Science,2.68,1510.0,Rejected,Yes,Not Enrolled,0.3400000000000001,0.8708751793400287
1444,29.0,Male,Healthcare,3.05,961.0,Accepted,No,Enrolled,0.5249999999999999,0.08321377331420372
1166,27.0,Female,Engineering,3.77,1486.0,Accepted,Yes,Not Enrolled,0.885,0.836441893830703
1359,20.0,Female,Healthcare,3.73,915.0,Rejected,No,Enrolled,0.865,0.01721664275466284
1193,21.0,Female,Healthcare,3.99,922.0,Accepted,Yes,Enrolled,0.9950000000000001,0.027259684361549498
1129,23.0,Male,Healthcare,3.14,1315.0,Rejected,Yes,Enrolled,0.5700000000000001,0.5911047345767575
1114,27.0,Male,Computer Science,2.48,1237.0,Accepted,Yes,Not Enrolled,0.24,0.47919655667144906
1150,28.0,Female,Healthcare,3.51,1123.0,Rejected,No,Enrolled,0.7549999999999999,0.31563845050215206
1473,27.0,Female,Healthcare,3.74,1096.0,Accepted,Yes,Enrolled,0.8700000000000001,0.2769010043041607
1288,17.0,Female,Healthcare,3.03,1576.0,Rejected,Yes,Enrolled,0.5149999999999999,0.9655667144906743
1128,22.0,Female,Healthcare,2.71,1063.0,Rejected,No,Enrolled,0.355,0.22955523672883787
1190,27.0,Female,Computer Science,2.17,1373.0,Rejected,Yes,Enrolled,0.08499999999999996,0.6743185078909613
1209,30.0,Female,Healthcare,3.58,1193.0,Accepted,No,Enrolled,0.79,0.41606886657101866
1453,20.0,Male,Healthcare,2.9890000000000003,906.0,Rejected,Yes,Not Enrolled,0.49450000000000016,0.00430416068866571
1428,25.0,Female,Engineering,2.03,934.0,Accepted,No,Enrolled,0.014999999999999902,0.04447632711621234
1419,26.0,Female,Healthcare,2.79,1073.0,Accepted,No,Enrolled,0.395,0.24390243902439024
1345,24.0,Female,Healthcare,3.72,1589.0,Accepted,No,Enrolled,0.8600000000000001,0.9842180774748924
1400,25.0,Female,Healthcare,2.26,1202.0,Rejected,Yes,Not Enrolled,0.1299999999999999,0.42898134863701576
1136,23.0,Female,Healthcare,3.57,1529.0,Rejected,No,Not Enrolled,0.7849999999999999,0.8981348637015782
1144,19.0,Female,Design,2.9890000000000003,1282.0,Accepted,Yes,Enrolled,0.49450000000000016,0.5437589670014347
1415,23.0,Male,Computer Science,2.9890000000000003,1402.0,Accepted,No,Enrolled,0.49450000000000016,0.7159253945480631
1293,23.0,Female,Healthcare,3.54,1181.0,Accepted,No,Enrolled,0.77,0.3988522238163558
1279,26.0,Male,Computer Science,3.43,1489.0,Rejected,Yes,Not Enrolled,0.7150000000000001,0.8407460545193687
1426,26.0,Male,Computer Science,3.13,960.0,Accepted,No,Enrolled,0.565,0.08177905308464849
1227,22.0,Female,Healthcare,2.9,1256.0,Accepted,No,Enrolled,0.44999999999999996,0.5064562410329986
1148,25.0,Female,Healthcare,2.9890000000000003,1450.0,Rejected,No,Not Enrolled,0.49450000000000016,0.7847919655667145
1261,28.0,Male,Engineering,2.32,1508.0,Accepted,Yes,Enrolled,0.15999999999999992,0.8680057388809183
1487,21.0,Male,Engineering,2.96,1207.0,Accepted,No,Enrolled,0.48,0.43615494978479197
1252,30.0,Other,Computer Science,3.99,932.0,Rejected,Yes,Enrolled,0.9950000000000001,0.04160688665710186
1118,27.0,Female,Healthcare,3.25,911.0,Rejected,Yes,Not Enrolled,0.625,0.011477761836441894
1198,23.0,Male,Engineering,2.59,1492.0,Rejected,Yes,Enrolled,0.29499999999999993,0.8450502152080345
1113,21.0,Male,Engineering,3.55,1173.0,Accepted,Yes,Enrolled,0.7749999999999999,0.38737446197991393
1385,19.0,Male,Healthcare,2.27,1227.0,Rejected,Yes,Not Enrolled,0.135,0.4648493543758967
1241,29.0,Male,Computer Science,3.55,1334.0,Accepted,Yes,Enrolled,0.7749999999999999,0.6183644189383071
1155,22.0,Female,Healthcare,3.66,1438.0,Rejected,No,Not Enrolled,0.8300000000000001,0.7675753228120517
1411,18.0,Female,Healthcare,3.43,1245.0,Accepted,No,Enrolled,0.7150000000000001,0.49067431850789095
1253,26.0,Female,Healthcare,3.62,1262.0,Accepted,Yes,Not Enrolled,0.81,0.5150645624103299
1134,28.0,Male,Healthcare,3.91,1202.0,Rejected,No,Not Enrolled,0.9550000000000001,0.42898134863701576
1291,18.0,Female,Healthcare,3.1,1323.0,Rejected,Yes,Enrolled,0.55,0.6025824964131994
1232,17.0,Male,Computer Science,2.73,1441.0,Accepted,Yes,Not Enrolled,0.365,0.7718794835007173
1358,30.0,Female,Healthcare,3.89,1210.0,Accepted,Yes,Not Enrolled,0.9450000000000001,0.44045911047345765
1125,30.0,Female,Healthcare,3.44,1262.0,Rejected,No,Not Enrolled,0.72,0.5150645624103299
1060,17.0,Male,Engineering,3.36,1196.0,Rejected,No,Enrolled,0.6799999999999999,0.42037302725968434
1472,17.0,Male,Computer Science,3.35,1146.0,Accepted,No,Not Enrolled,0.675,0.3486370157819225
1304,20.0,Female,Healthcare,3.04,1252.0,Rejected,Yes,Not Enrolled,0.52,0.5007173601147776
1250,21.0,Male,Healthcare,2.35,1093.0,Rejected,No,Not Enrolled,0.17500000000000004,0.27259684361549497
1044,22.0,Female,Healthcare,3.25,1192.0,Rejected,Yes,Not Enrolled,0.625,0.4146341463414634
1177,23.0,Male,Business,3.31,1400.0,Accepted,Yes,Not Enrolled,0.655,0.7130559540889526
1161,29.0,Female,Healthcare,2.9890000000000003,1014.0,Rejected,No,Not Enrolled,0.49450000000000016,0.15925394548063126
1369,23.0,Male,Engineering,2.93,1465.0,Accepted,Yes,Not Enrolled,0.4650000000000001,0.806312769010043
1241,29.0,Male,Computer Science,3.55,1334.0,Accepted,No,Enrolled,0.7749999999999999,0.6183644189383071
1080,20.0,Male,Computer Science,2.9,1262.0,Rejected,No,Enrolled,0.44999999999999996,0.5150645624103299
1475,25.0,Female,Healthcare,3.61,1439.0,Accepted,Yes,Not Enrolled,0.8049999999999999,0.7690100430416069
1401,30.0,Male,Computer Science,2.19,1056.0,Accepted,Yes,Enrolled,0.09499999999999997,0.21951219512195122
1410,26.0,Female,Design,2.08,1570.0,Accepted,No,Not Enrolled,0.040000000000000036,0.9569583931133429
1275,17.0,Female,Healthcare,2.26,1262.0,Rejected,Yes,Enrolled,0.1299999999999999,0.5150645624103299
1005,21.0,Male,Business,3.83,1262.0,Rejected,Yes,Enrolled,0.915,0.5150645624103299
1442,23.0,Female,Healthcare,2.1,1366.0,Rejected,No,Not Enrolled,0.050000000000000044,0.6642754662840746
1313,23.0,Female,Healthcare,3.28,1207.0,Accepted,Yes,Enrolled,0.6399999999999999,0.43615494978479197
1288,17.0,Female,Healthcare,2.9890000000000003,1576.0,Rejected,Yes,Enrolled,0.49450000000000016,0.9655667144906743
1350,18.0,Male,Business,3.52,1092.0,Rejected,No,Not Enrolled,0.76,0.27116212338593976
1207,27.0,Female,Business,2.87,1383.0,Accepted,No,Not Enrolled,0.43500000000000005,0.6886657101865137
1030,25.0,Female,Healthcare,2.9890000000000003,1002.0,Accepted,No,Enrolled,0.49450000000000016,0.14203730272596843
1238,24.0,Female,Healthcare,2.9890000000000003,1374.0,Accepted,No,Enrolled,0.49450000000000016,0.6757532281205165
1281,23.0,Male,Business,2.82,1491.0,Rejected,Yes,Enrolled,0.4099999999999999,0.8436154949784792
1391,28.0,Male,Computer Science,3.12,1262.0,Accepted,No,Enrolled,0.56,0.5150645624103299
1297,20.0,Female,Healthcare,2.9890000000000003,1079.0,Rejected,Yes,Not Enrolled,0.49450000000000016,0.25251076040172166
1066,18.0,Male,Business,2.84,1009.0,Rejected,No,Enrolled,0.41999999999999993,0.15208034433285508
1154,23.0,Male,Design,2.9890000000000003,983.0,Accepted,Yes,Not Enrolled,0.49450000000000016,0.11477761836441894
1491,22.0,Female,Healthcare,2.58,1565.0,Accepted,Yes,Not Enrolled,0.29000000000000004,0.9497847919655668
1022,25.0,Female,Engineering,3.02,1131.0,Rejected,Yes,Enrolled,0.51,0.32711621233859395
1068,21.0,Female,Healthcare,2.4,1191.0,Rejected,No,Enrolled,0.19999999999999996,0.4131994261119082
1321,27.0,Male,Computer Science,2.08,1047.0,Rejected,Yes,Not Enrolled,0.040000000000000036,0.2065997130559541
1031,23.0,Other,Engineering,2.59,1597.0,Accepted,Yes,Enrolled,0.29499999999999993,0.9956958393113343
1272,20.0,Female,Healthcare,3.14,1452.0,Accepted,Yes,Enrolled,0.5700000000000001,0.787661406025825
1224,24.0,Male,Computer Science,3.9,1452.0,Accepted,No,Enrolled,0.95,0.787661406025825
1056,22.0,Male,Engineering,3.93,937.0,Rejected,Yes,Not Enrolled,0.9650000000000001,0.04878048780487805
1391,28.0,Male,Computer Science,3.12,1476.0,Accepted,No,Enrolled,0.56,0.8220946915351507
1304,20.0,Female,Healthcare,3.04,1252.0,Rejected,No,Not Enrolled,0.52,0.5007173601147776
1208,21.0,Male,Design,3.28,932.0,Rejected,Yes,Not Enrolled,0.6399999999999999,0.04160688665710186
1476,21.0,Male,Engineering,2.53,1262.0,Accepted,Yes,Not Enrolled,0.2649999999999999,0.5150645624103299
1470,27.0,Female,Design,3.07,1436.0,Rejected,No,Enrolled,0.5349999999999999,0.7647058823529411
1252,23.0,Other,Computer Science,3.99,932.0,Rejected,Yes,Enrolled,0.9950000000000001,0.04160688665710186
1324,18.0,Male,Computer Science,3.9,1475.0,Accepted,No,Not Enrolled,0.95,0.8206599713055954
1374,23.0,Female,Healthcare,2.91,1446.0,Rejected,No,Enrolled,0.45500000000000007,0.7790530846484935
1278,23.0,Male,Computer Science,2.8,1139.0,Rejected,Yes,Not Enrolled,0.3999999999999999,0.3385939741750359
1168,29.0,Female,Healthcare,2.62,1053.0,Accepted,No,Enrolled,0.31000000000000005,0.2152080344332855
1331,18.0,Female,Healthcare,3.78,1148.0,Accepted,No,Not Enrolled,0.8899999999999999,0.351506456241033
1069,30.0,Male,Computer Science,3.21,1365.0,Rejected,No,Enrolled,0.605,0.6628407460545194
1497,25.0,Male,Engineering,3.55,1465.0,Rejected,No,Not Enrolled,0.7749999999999999,0.806312769010043
1086,30.0,Female,Healthcare,3.77,914.0,Rejected,Yes,Not Enrolled,0.885,0.015781922525107604
1212,26.0,Female,Engineering,2.81,1038.0,Rejected,No,Enrolled,0.405,0.19368723098995697
1038,17.0,Male,Business,2.9890000000000003,1387.0,Rejected,Yes,Not Enrolled,0.49450000000000016,0.6944045911047346
1440,23.0,Female,Engineering,2.9890000000000003,1123.0,Accepted,Yes,Enrolled,0.49450000000000016,0.31563845050215206
1356,18.0,Male,Engineering,2.9890000000000003,1113.0,Rejected,No,Enrolled,0.49450000000000016,0.3012912482065997
1285,17.0,Male,Computer Science,2.63,1142.0,Accepted,No,Not Enrolled,0.31499999999999995,0.3428981348637016
1282,23.0,Male,Business,2.82,1262.0,Accepted,No,Enrolled,0.4099999999999999,0.5150645624103299
1031,23.0,Other,Engineering,2.59,1262.0,Accepted,Yes,Enrolled,0.29499999999999993,0.5150645624103299
1005,21.0,Male,Business,3.83,1162.0,Rejected,Yes,Enrolled,0.915,0.3715925394548063
1341,23.0,Male,Business,2.83,1262.0,Rejected,Yes,Not Enrolled,0.41500000000000004,0.5150645624103299
1206,30.0,Male,Healthcare,3.23,970.0,Rejected,Yes,Not Enrolled,0.615,0.09612625538020086
1261,28.0,Male,Engineering,2.32,1262.0,Accepted,Yes,Enrolled,0.15999999999999992,0.5150645624103299
1474,30.0,Female,Healthcare,2.9890000000000003,1534.0,Rejected,Yes,Enrolled,0.49450000000000016,0.9053084648493543
1198,28.0,Male,Engineering,2.59,1492.0,Rejected,Yes,Enrolled,0.29499999999999993,0.8450502152080345
1398,26.0,Male,Business,3.25,1493.0,Accepted,No,Enrolled,0.625,0.8464849354375896
1314,23.0,Male,Business,3.18,1285.0,Accepted,Yes,Enrolled,0.5900000000000001,0.5480631276901005
1426,23.0,Male,Computer Science,3.13,960.0,Accepted,No,Enrolled,0.565,0.08177905308464849
1278,20.0,Male,Computer Science,2.8,1139.0,Rejected,Yes,Not Enrolled,0.3999999999999999,0.3385939741750359
1317,24.0,Female,Healthcare,3.25,1384.0,Rejected,Yes,Not Enrolled,0.625,0.6901004304160688
1137,27.0,Female,Healthcare,3.02,1262.0,Rejected,No,Not Enrolled,0.51,0.5150645624103299
1105,27.0,Male,Design,2.9890000000000003,1262.0,Rejected,Yes,Enrolled,0.49450000000000016,0.5150645624103299
1384,24.0,Female,Design,2.21,1380.0,Accepted,No,Not Enrolled,0.10499999999999998,0.6843615494978479
1093,22.0,Female,Healthcare,2.45,1525.0,Accepted,No,Not Enrolled,0.2250000000000001,0.8923959827833573
1473,23.0,Female,Healthcare,3.74,1262.0,Accepted,Yes,Enrolled,0.8700000000000001,0.5150645624103299
1207,27.0,Female,Business,2.87,1262.0,Accepted,No,Not Enrolled,0.43500000000000005,0.5150645624103299
1076,28.0,Male,Computer Science,3.03,1262.0,Rejected,Yes,Not Enrolled,0.5149999999999999,0.5150645624103299
